[1,["faezXpEpNOpby69tJKdmcH"],["spriteFrame"],[["cc.BitmapFont",["_name","fontSize","_fntConfig"],0]],[[0,0,1,2,4]],[[0,"font",72,{"commonHeight":94,"fontSize":72,"atlasName":"font.png","fontDefDictionary":{"13":{"xOffset":0,"yOffset":81,"xAdvance":177,"rect":{"x":38,"y":438,"width":0,"height":0}},"32":{"xOffset":-4,"yOffset":30,"xAdvance":21,"rect":{"x":0,"y":0,"width":0,"height":0}},"33":{"xOffset":6,"yOffset":30,"xAdvance":27,"rect":{"x":2,"y":2,"width":16,"height":53}},"34":{"xOffset":6,"yOffset":30,"xAdvance":38,"rect":{"x":2,"y":57,"width":28,"height":26}},"35":{"xOffset":2,"yOffset":30,"xAdvance":38,"rect":{"x":20,"y":2,"width":37,"height":53}},"36":{"xOffset":-1,"yOffset":22,"xAdvance":38,"rect":{"x":2,"y":85,"width":40,"height":68}},"37":{"xOffset":2,"yOffset":28,"xAdvance":50,"rect":{"x":2,"y":155,"width":48,"height":57}},"38":{"xOffset":0,"yOffset":29,"xAdvance":46,"rect":{"x":44,"y":57,"width":47,"height":56}},"39":{"xOffset":5,"yOffset":30,"xAdvance":19,"rect":{"x":44,"y":115,"width":12,"height":26}},"40":{"xOffset":5,"yOffset":30,"xAdvance":25,"rect":{"x":2,"y":214,"width":18,"height":60}},"41":{"xOffset":3,"yOffset":30,"xAdvance":25,"rect":{"x":2,"y":276,"width":18,"height":60}},"42":{"xOffset":2,"yOffset":30,"xAdvance":28,"rect":{"x":59,"y":2,"width":28,"height":26}},"43":{"xOffset":3,"yOffset":44,"xAdvance":43,"rect":{"x":89,"y":2,"width":39,"height":39}},"44":{"xOffset":2,"yOffset":68,"xAdvance":19,"rect":{"x":2,"y":338,"width":16,"height":26}},"45":{"xOffset":2,"yOffset":57,"xAdvance":21,"rect":{"x":59,"y":43,"width":19,"height":12}},"46":{"xOffset":3,"yOffset":68,"xAdvance":19,"rect":{"x":2,"y":366,"width":15,"height":15}},"47":{"xOffset":-4,"yOffset":29,"xAdvance":33,"rect":{"x":2,"y":383,"width":34,"height":55}},"48":{"xOffset":1,"yOffset":29,"xAdvance":39,"rect":{"x":2,"y":440,"width":38,"height":55}},"49":{"xOffset":7,"yOffset":30,"xAdvance":39,"rect":{"x":22,"y":214,"width":30,"height":54}},"50":{"xOffset":2,"yOffset":29,"xAdvance":39,"rect":{"x":52,"y":143,"width":38,"height":54}},"51":{"xOffset":0,"yOffset":29,"xAdvance":39,"rect":{"x":22,"y":270,"width":40,"height":55}},"52":{"xOffset":1,"yOffset":30,"xAdvance":39,"rect":{"x":22,"y":327,"width":39,"height":53}},"53":{"xOffset":2,"yOffset":30,"xAdvance":39,"rect":{"x":38,"y":382,"width":38,"height":54}},"54":{"xOffset":1,"yOffset":29,"xAdvance":39,"rect":{"x":54,"y":199,"width":39,"height":55}},"55":{"xOffset":3,"yOffset":30,"xAdvance":39,"rect":{"x":63,"y":327,"width":35,"height":53}},"56":{"xOffset":1,"yOffset":29,"xAdvance":39,"rect":{"x":64,"y":256,"width":39,"height":55}},"57":{"xOffset":1,"yOffset":29,"xAdvance":39,"rect":{"x":42,"y":438,"width":39,"height":55}},"58":{"xOffset":3,"yOffset":45,"xAdvance":19,"rect":{"x":78,"y":382,"width":15,"height":38}},"59":{"xOffset":2,"yOffset":45,"xAdvance":19,"rect":{"x":92,"y":115,"width":16,"height":50}},"60":{"xOffset":3,"yOffset":44,"xAdvance":43,"rect":{"x":93,"y":43,"width":39,"height":40}},"61":{"xOffset":3,"yOffset":50,"xAdvance":43,"rect":{"x":93,"y":85,"width":39,"height":27}},"62":{"xOffset":3,"yOffset":44,"xAdvance":43,"rect":{"x":95,"y":167,"width":39,"height":40}},"63":{"xOffset":1,"yOffset":29,"xAdvance":32,"rect":{"x":83,"y":422,"width":33,"height":54}},"64":{"xOffset":2,"yOffset":29,"xAdvance":58,"rect":{"x":100,"y":313,"width":56,"height":56}},"65":{"xOffset":-1,"yOffset":30,"xAdvance":40,"rect":{"x":105,"y":209,"width":42,"height":53}},"66":{"xOffset":3,"yOffset":30,"xAdvance":44,"rect":{"x":118,"y":371,"width":40,"height":54}},"67":{"xOffset":1,"yOffset":29,"xAdvance":40,"rect":{"x":118,"y":427,"width":40,"height":56}},"68":{"xOffset":3,"yOffset":30,"xAdvance":44,"rect":{"x":134,"y":2,"width":40,"height":54}},"69":{"xOffset":3,"yOffset":30,"xAdvance":40,"rect":{"x":134,"y":58,"width":34,"height":53}},"70":{"xOffset":3,"yOffset":30,"xAdvance":38,"rect":{"x":136,"y":113,"width":33,"height":53}},"71":{"xOffset":1,"yOffset":29,"xAdvance":40,"rect":{"x":149,"y":168,"width":41,"height":56}},"72":{"xOffset":3,"yOffset":30,"xAdvance":44,"rect":{"x":170,"y":58,"width":38,"height":53}},"73":{"xOffset":4,"yOffset":30,"xAdvance":20,"rect":{"x":171,"y":113,"width":15,"height":53}},"74":{"xOffset":0,"yOffset":30,"xAdvance":24,"rect":{"x":149,"y":226,"width":23,"height":55}},"75":{"xOffset":3,"yOffset":30,"xAdvance":44,"rect":{"x":188,"y":113,"width":41,"height":53}},"76":{"xOffset":3,"yOffset":30,"xAdvance":38,"rect":{"x":176,"y":2,"width":33,"height":54}},"77":{"xOffset":3,"yOffset":30,"xAdvance":55,"rect":{"x":210,"y":58,"width":50,"height":53}},"78":{"xOffset":3,"yOffset":30,"xAdvance":42,"rect":{"x":211,"y":2,"width":38,"height":54}},"79":{"xOffset":1,"yOffset":29,"xAdvance":42,"rect":{"x":158,"y":283,"width":42,"height":56}},"80":{"xOffset":3,"yOffset":30,"xAdvance":40,"rect":{"x":251,"y":2,"width":39,"height":53}},"81":{"xOffset":1,"yOffset":29,"xAdvance":42,"rect":{"x":192,"y":168,"width":42,"height":65}},"82":{"xOffset":3,"yOffset":30,"xAdvance":43,"rect":{"x":231,"y":113,"width":39,"height":53}},"83":{"xOffset":-1,"yOffset":29,"xAdvance":38,"rect":{"x":160,"y":341,"width":40,"height":56}},"84":{"xOffset":-1,"yOffset":30,"xAdvance":38,"rect":{"x":262,"y":57,"width":38,"height":54}},"85":{"xOffset":3,"yOffset":30,"xAdvance":42,"rect":{"x":160,"y":399,"width":37,"height":55}},"86":{"xOffset":-1,"yOffset":30,"xAdvance":39,"rect":{"x":292,"y":2,"width":41,"height":53}},"87":{"xOffset":0,"yOffset":30,"xAdvance":58,"rect":{"x":160,"y":456,"width":60,"height":53}},"88":{"xOffset":-1,"yOffset":30,"xAdvance":40,"rect":{"x":199,"y":399,"width":43,"height":53}},"89":{"xOffset":-2,"yOffset":30,"xAdvance":40,"rect":{"x":222,"y":454,"width":44,"height":53}},"90":{"xOffset":0,"yOffset":30,"xAdvance":37,"rect":{"x":202,"y":235,"width":37,"height":54}},"91":{"xOffset":5,"yOffset":30,"xAdvance":27,"rect":{"x":236,"y":168,"width":18,"height":60}},"92":{"xOffset":-5,"yOffset":29,"xAdvance":33,"rect":{"x":202,"y":291,"width":34,"height":55}},"93":{"xOffset":3,"yOffset":30,"xAdvance":27,"rect":{"x":238,"y":291,"width":18,"height":60}},"94":{"xOffset":5,"yOffset":30,"xAdvance":43,"rect":{"x":105,"y":283,"width":35,"height":28}},"95":{"xOffset":0,"yOffset":86,"xAdvance":36,"rect":{"x":105,"y":264,"width":38,"height":6}},"96":{"xOffset":-3,"yOffset":30,"xAdvance":25,"rect":{"x":2,"y":497,"width":20,"height":13}},"97":{"xOffset":1,"yOffset":44,"xAdvance":34,"rect":{"x":202,"y":348,"width":34,"height":40}},"98":{"xOffset":4,"yOffset":30,"xAdvance":38,"rect":{"x":241,"y":230,"width":34,"height":54}},"99":{"xOffset":1,"yOffset":44,"xAdvance":34,"rect":{"x":238,"y":353,"width":33,"height":40}},"100":{"xOffset":1,"yOffset":30,"xAdvance":34,"rect":{"x":244,"y":395,"width":33,"height":54}},"101":{"xOffset":1,"yOffset":44,"xAdvance":34,"rect":{"x":268,"y":451,"width":33,"height":40}},"102":{"xOffset":-1,"yOffset":29,"xAdvance":24,"rect":{"x":256,"y":168,"width":25,"height":55}},"103":{"xOffset":0,"yOffset":42,"xAdvance":38,"rect":{"x":272,"y":113,"width":38,"height":52}},"104":{"xOffset":3,"yOffset":30,"xAdvance":36,"rect":{"x":302,"y":57,"width":32,"height":53}},"105":{"xOffset":3,"yOffset":30,"xAdvance":18,"rect":{"x":335,"y":2,"width":14,"height":53}},"106":{"xOffset":-1,"yOffset":30,"xAdvance":18,"rect":{"x":258,"y":286,"width":18,"height":64}},"107":{"xOffset":3,"yOffset":30,"xAdvance":38,"rect":{"x":277,"y":225,"width":34,"height":53}},"108":{"xOffset":3,"yOffset":30,"xAdvance":18,"rect":{"x":174,"y":226,"width":14,"height":53}},"109":{"xOffset":3,"yOffset":44,"xAdvance":53,"rect":{"x":273,"y":352,"width":50,"height":39}},"110":{"xOffset":3,"yOffset":44,"xAdvance":36,"rect":{"x":283,"y":167,"width":32,"height":39}},"111":{"xOffset":1,"yOffset":44,"xAdvance":35,"rect":{"x":312,"y":112,"width":35,"height":40}},"112":{"xOffset":4,"yOffset":44,"xAdvance":38,"rect":{"x":336,"y":57,"width":34,"height":50}},"113":{"xOffset":1,"yOffset":44,"xAdvance":34,"rect":{"x":351,"y":2,"width":33,"height":50}},"114":{"xOffset":3,"yOffset":44,"xAdvance":29,"rect":{"x":279,"y":393,"width":25,"height":39}},"115":{"xOffset":1,"yOffset":44,"xAdvance":32,"rect":{"x":278,"y":280,"width":32,"height":40}},"116":{"xOffset":-1,"yOffset":32,"xAdvance":24,"rect":{"x":312,"y":280,"width":25,"height":52}},"117":{"xOffset":3,"yOffset":45,"xAdvance":36,"rect":{"x":313,"y":208,"width":32,"height":39}},"118":{"xOffset":-2,"yOffset":45,"xAdvance":31,"rect":{"x":317,"y":154,"width":34,"height":38}},"119":{"xOffset":0,"yOffset":45,"xAdvance":46,"rect":{"x":349,"y":109,"width":47,"height":38}},"120":{"xOffset":-1,"yOffset":45,"xAdvance":34,"rect":{"x":372,"y":54,"width":36,"height":38}},"121":{"xOffset":-1,"yOffset":45,"xAdvance":31,"rect":{"x":386,"y":2,"width":33,"height":49}},"122":{"xOffset":0,"yOffset":45,"xAdvance":31,"rect":{"x":303,"y":434,"width":30,"height":38}},"123":{"xOffset":0,"yOffset":30,"xAdvance":24,"rect":{"x":325,"y":334,"width":26,"height":60}},"124":{"xOffset":4,"yOffset":29,"xAdvance":16,"rect":{"x":339,"y":249,"width":11,"height":56}},"125":{"xOffset":0,"yOffset":30,"xAdvance":24,"rect":{"x":335,"y":396,"width":26,"height":60}},"126":{"xOffset":5,"yOffset":56,"xAdvance":43,"rect":{"x":278,"y":334,"width":36,"height":16}},"161":{"xOffset":0,"yOffset":81,"xAdvance":177,"rect":{"x":40,"y":438,"width":0,"height":0}},"162":{"xOffset":0,"yOffset":81,"xAdvance":177,"rect":{"x":273,"y":393,"width":0,"height":0}},"163":{"xOffset":1,"yOffset":29,"xAdvance":38,"rect":{"x":352,"y":194,"width":40,"height":56}},"164":{"xOffset":0,"yOffset":81,"xAdvance":177,"rect":{"x":275,"y":393,"width":0,"height":0}},"165":{"xOffset":1,"yOffset":30,"xAdvance":38,"rect":{"x":352,"y":252,"width":39,"height":54}},"166":{"xOffset":0,"yOffset":81,"xAdvance":177,"rect":{"x":277,"y":393,"width":0,"height":0}},"167":{"xOffset":0,"yOffset":81,"xAdvance":177,"rect":{"x":52,"y":199,"width":0,"height":0}},"188":{"xOffset":0,"yOffset":81,"xAdvance":63,"rect":{"x":52,"y":201,"width":0,"height":0}},"189":{"xOffset":0,"yOffset":81,"xAdvance":63,"rect":{"x":52,"y":203,"width":0,"height":0}},"190":{"xOffset":0,"yOffset":81,"xAdvance":63,"rect":{"x":52,"y":205,"width":0,"height":0}},"191":{"xOffset":0,"yOffset":81,"xAdvance":177,"rect":{"x":52,"y":207,"width":0,"height":0}},"192":{"xOffset":-1,"yOffset":15,"xAdvance":40,"rect":{"x":353,"y":308,"width":42,"height":68}},"193":{"xOffset":-1,"yOffset":15,"xAdvance":40,"rect":{"x":363,"y":378,"width":42,"height":69}},"194":{"xOffset":-1,"yOffset":15,"xAdvance":40,"rect":{"x":394,"y":149,"width":42,"height":69}},"195":{"xOffset":-1,"yOffset":15,"xAdvance":40,"rect":{"x":394,"y":220,"width":42,"height":68}},"200":{"xOffset":3,"yOffset":15,"xAdvance":40,"rect":{"x":397,"y":290,"width":34,"height":68}},"201":{"xOffset":3,"yOffset":15,"xAdvance":40,"rect":{"x":410,"y":53,"width":34,"height":69}},"202":{"xOffset":3,"yOffset":15,"xAdvance":40,"rect":{"x":407,"y":360,"width":34,"height":69}},"204":{"xOffset":-3,"yOffset":15,"xAdvance":20,"rect":{"x":407,"y":431,"width":22,"height":69}},"205":{"xOffset":4,"yOffset":15,"xAdvance":20,"rect":{"x":431,"y":431,"width":22,"height":69}},"206":{"xOffset":0,"yOffset":81,"xAdvance":177,"rect":{"x":52,"y":209,"width":0,"height":0}},"208":{"xOffset":0,"yOffset":81,"xAdvance":177,"rect":{"x":52,"y":211,"width":0,"height":0}},"209":{"xOffset":0,"yOffset":81,"xAdvance":177,"rect":{"x":199,"y":454,"width":0,"height":0}},"210":{"xOffset":1,"yOffset":15,"xAdvance":42,"rect":{"x":438,"y":124,"width":42,"height":70}},"211":{"xOffset":1,"yOffset":15,"xAdvance":42,"rect":{"x":446,"y":2,"width":42,"height":70}},"212":{"xOffset":1,"yOffset":15,"xAdvance":42,"rect":{"x":438,"y":196,"width":42,"height":70}},"213":{"xOffset":1,"yOffset":15,"xAdvance":42,"rect":{"x":438,"y":268,"width":42,"height":69}},"217":{"xOffset":3,"yOffset":15,"xAdvance":42,"rect":{"x":443,"y":339,"width":37,"height":70}},"218":{"xOffset":3,"yOffset":15,"xAdvance":42,"rect":{"x":455,"y":411,"width":37,"height":70}},"219":{"xOffset":0,"yOffset":81,"xAdvance":177,"rect":{"x":201,"y":454,"width":0,"height":0}},"221":{"xOffset":-2,"yOffset":15,"xAdvance":40,"rect":{"x":482,"y":74,"width":44,"height":69}},"224":{"xOffset":1,"yOffset":31,"xAdvance":34,"rect":{"x":363,"y":449,"width":34,"height":53}},"225":{"xOffset":1,"yOffset":31,"xAdvance":34,"rect":{"x":490,"y":2,"width":34,"height":53}},"226":{"xOffset":1,"yOffset":31,"xAdvance":34,"rect":{"x":526,"y":2,"width":34,"height":53}},"227":{"xOffset":1,"yOffset":30,"xAdvance":34,"rect":{"x":482,"y":145,"width":34,"height":54}},"232":{"xOffset":1,"yOffset":31,"xAdvance":34,"rect":{"x":482,"y":201,"width":33,"height":53}},"233":{"xOffset":1,"yOffset":31,"xAdvance":34,"rect":{"x":482,"y":256,"width":33,"height":53}},"234":{"xOffset":1,"yOffset":31,"xAdvance":34,"rect":{"x":482,"y":311,"width":33,"height":53}},"236":{"xOffset":-5,"yOffset":31,"xAdvance":18,"rect":{"x":335,"y":458,"width":22,"height":52}},"237":{"xOffset":3,"yOffset":31,"xAdvance":18,"rect":{"x":494,"y":366,"width":22,"height":52}},"238":{"xOffset":0,"yOffset":81,"xAdvance":177,"rect":{"x":203,"y":454,"width":0,"height":0}},"239":{"xOffset":0,"yOffset":81,"xAdvance":177,"rect":{"x":205,"y":454,"width":0,"height":0}},"240":{"xOffset":0,"yOffset":81,"xAdvance":177,"rect":{"x":207,"y":454,"width":0,"height":0}},"241":{"xOffset":0,"yOffset":81,"xAdvance":177,"rect":{"x":209,"y":454,"width":0,"height":0}},"242":{"xOffset":1,"yOffset":31,"xAdvance":35,"rect":{"x":494,"y":420,"width":35,"height":53}},"243":{"xOffset":1,"yOffset":31,"xAdvance":35,"rect":{"x":517,"y":201,"width":35,"height":53}},"244":{"xOffset":1,"yOffset":31,"xAdvance":35,"rect":{"x":518,"y":145,"width":35,"height":53}},"245":{"xOffset":1,"yOffset":30,"xAdvance":35,"rect":{"x":528,"y":57,"width":35,"height":54}},"246":{"xOffset":0,"yOffset":81,"xAdvance":177,"rect":{"x":211,"y":454,"width":0,"height":0}},"247":{"xOffset":0,"yOffset":81,"xAdvance":60,"rect":{"x":213,"y":454,"width":0,"height":0}},"248":{"xOffset":0,"yOffset":81,"xAdvance":177,"rect":{"x":215,"y":454,"width":0,"height":0}},"249":{"xOffset":3,"yOffset":31,"xAdvance":36,"rect":{"x":562,"y":2,"width":32,"height":53}},"250":{"xOffset":3,"yOffset":31,"xAdvance":36,"rect":{"x":517,"y":256,"width":32,"height":53}},"251":{"xOffset":0,"yOffset":81,"xAdvance":177,"rect":{"x":217,"y":454,"width":0,"height":0}},"252":{"xOffset":0,"yOffset":81,"xAdvance":177,"rect":{"x":219,"y":454,"width":0,"height":0}},"253":{"xOffset":-1,"yOffset":31,"xAdvance":31,"rect":{"x":518,"y":311,"width":33,"height":63}},"258":{"xOffset":-1,"yOffset":18,"xAdvance":40,"rect":{"x":531,"y":376,"width":42,"height":65}},"259":{"xOffset":1,"yOffset":33,"xAdvance":34,"rect":{"x":551,"y":256,"width":34,"height":51}},"272":{"xOffset":0,"yOffset":30,"xAdvance":44,"rect":{"x":554,"y":200,"width":43,"height":54}},"273":{"xOffset":1,"yOffset":30,"xAdvance":34,"rect":{"x":553,"y":309,"width":36,"height":54}},"296":{"xOffset":-3,"yOffset":15,"xAdvance":20,"rect":{"x":1164,"y":128,"width":29,"height":68}},"297":{"xOffset":-4,"yOffset":30,"xAdvance":18,"rect":{"x":686,"y":72,"width":29,"height":53}},"357":{"xOffset":0,"yOffset":81,"xAdvance":177,"rect":{"x":551,"y":309,"width":0,"height":0}},"358":{"xOffset":0,"yOffset":81,"xAdvance":177,"rect":{"x":174,"y":281,"width":0,"height":0}},"360":{"xOffset":3,"yOffset":15,"xAdvance":42,"rect":{"x":555,"y":113,"width":37,"height":69}},"361":{"xOffset":3,"yOffset":30,"xAdvance":36,"rect":{"x":565,"y":57,"width":32,"height":54}},"383":{"xOffset":0,"yOffset":81,"xAdvance":177,"rect":{"x":176,"y":281,"width":0,"height":0}},"416":{"xOffset":1,"yOffset":21,"xAdvance":43,"rect":{"x":531,"y":443,"width":47,"height":64}},"417":{"xOffset":1,"yOffset":38,"xAdvance":35,"rect":{"x":587,"y":256,"width":39,"height":47}},"431":{"xOffset":3,"yOffset":18,"xAdvance":44,"rect":{"x":575,"y":365,"width":45,"height":66}},"432":{"xOffset":3,"yOffset":34,"xAdvance":35,"rect":{"x":596,"y":2,"width":41,"height":50}},"7840":{"xOffset":-1,"yOffset":30,"xAdvance":40,"rect":{"x":580,"y":433,"width":42,"height":67}},"7841":{"xOffset":1,"yOffset":44,"xAdvance":34,"rect":{"x":591,"y":305,"width":34,"height":52}},"7842":{"xOffset":-1,"yOffset":7,"xAdvance":40,"rect":{"x":594,"y":113,"width":42,"height":76}},"7843":{"xOffset":1,"yOffset":23,"xAdvance":34,"rect":{"x":599,"y":191,"width":34,"height":61}},"7844":{"xOffset":-1,"yOffset":8,"xAdvance":40,"rect":{"x":624,"y":359,"width":52,"height":75}},"7845":{"xOffset":1,"yOffset":24,"xAdvance":34,"rect":{"x":624,"y":436,"width":48,"height":60}},"7846":{"xOffset":-1,"yOffset":5,"xAdvance":40,"rect":{"x":628,"y":254,"width":42,"height":78}},"7847":{"xOffset":1,"yOffset":22,"xAdvance":34,"rect":{"x":674,"y":436,"width":37,"height":62}},"7848":{"xOffset":-1,"yOffset":0,"xAdvance":40,"rect":{"x":638,"y":54,"width":46,"height":83}},"7849":{"xOffset":1,"yOffset":16,"xAdvance":34,"rect":{"x":638,"y":139,"width":42,"height":68}},"7850":{"xOffset":-1,"yOffset":3,"xAdvance":40,"rect":{"x":672,"y":209,"width":42,"height":80}},"7851":{"xOffset":1,"yOffset":19,"xAdvance":34,"rect":{"x":672,"y":291,"width":34,"height":65}},"7852":{"xOffset":-1,"yOffset":15,"xAdvance":40,"rect":{"x":708,"y":291,"width":42,"height":82}},"7853":{"xOffset":1,"yOffset":31,"xAdvance":34,"rect":{"x":682,"y":139,"width":34,"height":65}},"7854":{"xOffset":-1,"yOffset":5,"xAdvance":40,"rect":{"x":716,"y":206,"width":42,"height":78}},"7855":{"xOffset":1,"yOffset":20,"xAdvance":34,"rect":{"x":713,"y":375,"width":34,"height":64}},"7856":{"xOffset":-1,"yOffset":5,"xAdvance":40,"rect":{"x":749,"y":375,"width":42,"height":78}},"7857":{"xOffset":1,"yOffset":20,"xAdvance":34,"rect":{"x":713,"y":441,"width":34,"height":64}},"7858":{"xOffset":-1,"yOffset":1,"xAdvance":40,"rect":{"x":752,"y":286,"width":42,"height":82}},"7859":{"xOffset":1,"yOffset":16,"xAdvance":34,"rect":{"x":686,"y":2,"width":34,"height":68}},"7860":{"xOffset":-1,"yOffset":6,"xAdvance":40,"rect":{"x":718,"y":72,"width":42,"height":77}},"7861":{"xOffset":1,"yOffset":21,"xAdvance":34,"rect":{"x":722,"y":2,"width":34,"height":63}},"7862":{"xOffset":-1,"yOffset":18,"xAdvance":40,"rect":{"x":760,"y":151,"width":42,"height":78}},"7863":{"xOffset":1,"yOffset":33,"xAdvance":34,"rect":{"x":758,"y":2,"width":34,"height":63}},"7864":{"xOffset":3,"yOffset":30,"xAdvance":40,"rect":{"x":762,"y":67,"width":34,"height":67}},"7865":{"xOffset":1,"yOffset":44,"xAdvance":34,"rect":{"x":678,"y":375,"width":33,"height":52}},"7866":{"xOffset":3,"yOffset":7,"xAdvance":40,"rect":{"x":793,"y":370,"width":34,"height":76}},"7867":{"xOffset":1,"yOffset":23,"xAdvance":34,"rect":{"x":793,"y":448,"width":33,"height":61}},"7868":{"xOffset":3,"yOffset":15,"xAdvance":40,"rect":{"x":796,"y":231,"width":34,"height":68}},"7869":{"xOffset":1,"yOffset":30,"xAdvance":34,"rect":{"x":749,"y":455,"width":33,"height":54}},"7870":{"xOffset":3,"yOffset":8,"xAdvance":40,"rect":{"x":798,"y":2,"width":48,"height":75}},"7871":{"xOffset":1,"yOffset":24,"xAdvance":34,"rect":{"x":828,"y":448,"width":47,"height":60}},"7872":{"xOffset":3,"yOffset":5,"xAdvance":40,"rect":{"x":829,"y":301,"width":36,"height":78}},"7873":{"xOffset":1,"yOffset":22,"xAdvance":34,"rect":{"x":829,"y":381,"width":36,"height":62}},"7874":{"xOffset":3,"yOffset":0,"xAdvance":40,"rect":{"x":804,"y":79,"width":42,"height":83}},"7875":{"xOffset":1,"yOffset":16,"xAdvance":34,"rect":{"x":832,"y":164,"width":41,"height":68}},"7876":{"xOffset":3,"yOffset":3,"xAdvance":40,"rect":{"x":848,"y":2,"width":34,"height":80}},"7877":{"xOffset":1,"yOffset":19,"xAdvance":34,"rect":{"x":832,"y":234,"width":33,"height":65}},"7878":{"xOffset":3,"yOffset":15,"xAdvance":40,"rect":{"x":867,"y":234,"width":34,"height":82}},"7879":{"xOffset":1,"yOffset":31,"xAdvance":34,"rect":{"x":848,"y":84,"width":33,"height":65}},"7880":{"xOffset":1,"yOffset":7,"xAdvance":20,"rect":{"x":875,"y":151,"width":21,"height":76}},"7881":{"xOffset":0,"yOffset":23,"xAdvance":18,"rect":{"x":804,"y":164,"width":20,"height":60}},"7882":{"xOffset":4,"yOffset":30,"xAdvance":20,"rect":{"x":796,"y":301,"width":15,"height":67}},"7883":{"xOffset":3,"yOffset":30,"xAdvance":18,"rect":{"x":813,"y":301,"width":14,"height":67}},"7884":{"xOffset":1,"yOffset":29,"xAdvance":42,"rect":{"x":867,"y":318,"width":42,"height":68}},"7885":{"xOffset":1,"yOffset":44,"xAdvance":35,"rect":{"x":718,"y":151,"width":35,"height":52}},"7886":{"xOffset":1,"yOffset":7,"xAdvance":42,"rect":{"x":877,"y":388,"width":42,"height":77}},"7887":{"xOffset":1,"yOffset":23,"xAdvance":35,"rect":{"x":883,"y":84,"width":35,"height":61}},"7888":{"xOffset":1,"yOffset":8,"xAdvance":42,"rect":{"x":884,"y":2,"width":52,"height":77}},"7889":{"xOffset":1,"yOffset":24,"xAdvance":35,"rect":{"x":898,"y":147,"width":48,"height":60}},"7890":{"xOffset":1,"yOffset":5,"xAdvance":42,"rect":{"x":903,"y":209,"width":42,"height":79}},"7891":{"xOffset":1,"yOffset":22,"xAdvance":35,"rect":{"x":920,"y":81,"width":37,"height":62}},"7892":{"xOffset":1,"yOffset":0,"xAdvance":42,"rect":{"x":911,"y":290,"width":45,"height":84}},"7893":{"xOffset":1,"yOffset":16,"xAdvance":35,"rect":{"x":938,"y":2,"width":42,"height":68}},"7894":{"xOffset":1,"yOffset":3,"xAdvance":42,"rect":{"x":921,"y":376,"width":42,"height":82}},"7895":{"xOffset":1,"yOffset":19,"xAdvance":35,"rect":{"x":947,"y":209,"width":35,"height":65}},"7896":{"xOffset":1,"yOffset":15,"xAdvance":42,"rect":{"x":958,"y":276,"width":42,"height":82}},"7897":{"xOffset":1,"yOffset":31,"xAdvance":35,"rect":{"x":959,"y":72,"width":35,"height":65}},"7898":{"xOffset":1,"yOffset":15,"xAdvance":43,"rect":{"x":984,"y":139,"width":47,"height":70}},"7899":{"xOffset":1,"yOffset":31,"xAdvance":35,"rect":{"x":984,"y":211,"width":39,"height":53}},"7900":{"xOffset":1,"yOffset":15,"xAdvance":43,"rect":{"x":996,"y":2,"width":47,"height":70}},"7901":{"xOffset":1,"yOffset":31,"xAdvance":35,"rect":{"x":996,"y":74,"width":39,"height":53}},"7902":{"xOffset":1,"yOffset":7,"xAdvance":43,"rect":{"x":965,"y":360,"width":47,"height":77}},"7903":{"xOffset":1,"yOffset":23,"xAdvance":35,"rect":{"x":965,"y":439,"width":39,"height":61}},"7904":{"xOffset":1,"yOffset":15,"xAdvance":43,"rect":{"x":1006,"y":439,"width":47,"height":69}},"7905":{"xOffset":1,"yOffset":30,"xAdvance":35,"rect":{"x":1002,"y":266,"width":39,"height":54}},"7906":{"xOffset":1,"yOffset":21,"xAdvance":43,"rect":{"x":1014,"y":322,"width":47,"height":76}},"7907":{"xOffset":1,"yOffset":38,"xAdvance":35,"rect":{"x":1055,"y":400,"width":39,"height":59}},"7908":{"xOffset":3,"yOffset":30,"xAdvance":42,"rect":{"x":1033,"y":129,"width":37,"height":67}},"7909":{"xOffset":3,"yOffset":45,"xAdvance":36,"rect":{"x":760,"y":231,"width":32,"height":52}},"7910":{"xOffset":3,"yOffset":7,"xAdvance":42,"rect":{"x":1043,"y":198,"width":37,"height":77}},"7911":{"xOffset":3,"yOffset":23,"xAdvance":36,"rect":{"x":948,"y":145,"width":32,"height":61}},"7912":{"xOffset":3,"yOffset":15,"xAdvance":44,"rect":{"x":1063,"y":277,"width":45,"height":70}},"7913":{"xOffset":3,"yOffset":31,"xAdvance":35,"rect":{"x":1037,"y":74,"width":41,"height":53}},"7914":{"xOffset":3,"yOffset":15,"xAdvance":44,"rect":{"x":1045,"y":2,"width":45,"height":70}},"7915":{"xOffset":3,"yOffset":31,"xAdvance":35,"rect":{"x":1072,"y":129,"width":41,"height":53}},"7916":{"xOffset":3,"yOffset":7,"xAdvance":44,"rect":{"x":1082,"y":184,"width":45,"height":77}},"7917":{"xOffset":3,"yOffset":23,"xAdvance":35,"rect":{"x":1092,"y":2,"width":41,"height":61}},"7918":{"xOffset":3,"yOffset":15,"xAdvance":44,"rect":{"x":1115,"y":65,"width":45,"height":69}},"7919":{"xOffset":3,"yOffset":30,"xAdvance":35,"rect":{"x":1135,"y":2,"width":41,"height":54}},"7920":{"xOffset":3,"yOffset":18,"xAdvance":44,"rect":{"x":1096,"y":349,"width":45,"height":78}},"7921":{"xOffset":3,"yOffset":34,"xAdvance":35,"rect":{"x":1096,"y":429,"width":41,"height":62}},"7922":{"xOffset":-2,"yOffset":15,"xAdvance":40,"rect":{"x":1139,"y":429,"width":44,"height":68}},"7923":{"xOffset":-1,"yOffset":31,"xAdvance":31,"rect":{"x":1110,"y":263,"width":33,"height":63}},"7924":{"xOffset":-2,"yOffset":30,"xAdvance":40,"rect":{"x":1143,"y":328,"width":44,"height":67}},"7925":{"xOffset":-1,"yOffset":45,"xAdvance":31,"rect":{"x":1080,"y":74,"width":33,"height":52}},"7926":{"xOffset":-2,"yOffset":7,"xAdvance":40,"rect":{"x":1185,"y":397,"width":44,"height":76}},"7927":{"xOffset":-1,"yOffset":23,"xAdvance":31,"rect":{"x":1129,"y":136,"width":33,"height":71}},"7928":{"xOffset":-1,"yOffset":15,"xAdvance":40,"rect":{"x":1162,"y":58,"width":42,"height":68}},"7929":{"xOffset":-1,"yOffset":30,"xAdvance":31,"rect":{"x":1145,"y":209,"width":33,"height":64}}},"kerningDict":{}}]],0,0,[0],[0],[0]]